{"min_": [24.2, 0.0, 0.0, 0.0], "max_": [425.3, 2.303, 93.8, 0.0], "scale_": [0.0024931438544003987, 0.43421623968736434, 0.010660980810234541, 1.0], "data_range_": [401.1, 2.303, 93.8, 0.0]}